<?xml version="1.0" encoding="utf-8" ?>
<ModList>
    <Mod>
        <ModId>0</ModId>
        <ModName>Infernity</ModName>
        <Game>Diablo 1</Game>
        <Description>An awesome mod that aims to improve Diablo 1 gameplay.</Description>
        <Author>Qndel</Author>
        <ModVersion>1.21</ModVersion>
        <WebSite>https://github.com/qndel/infernity</WebSite>
        <DL>https://github.com/qndel/Infernity/raw/master/Infernity.zip</DL>
        <DL2>null</DL2>
        <md5>null</md5>
        <RunExeAfterInstall>null</RunExeAfterInstall>
        <RunExeAfterInstall2>null</RunExeAfterInstall2>
        <BeforeInstallMessage>null</BeforeInstallMessage>
        <AfterInstallMessage>Enjoy playing Infernity! If you have any questions or bug reports please contact the mod developer.</AfterInstallMessage>
        <DiabdatRequired>true</DiabdatRequired>
        <Executable>Infernity.exe</Executable>
    </Mod>
    <Mod>
        <ModId>1</ModId>
        <ModName>The Hell</ModName>
        <Game>Hellfire</Game>
        <Description>The most hardest mod for Diablo. Adds a lot of new quests, items, rares, etc.</Description>
        <Author>The Hell Team</Author>
        <ModVersion>1233</ModVersion>
        <WebSite>http://www.diablothehell.narod.ru/</WebSite>
        <DL>https://www.dropbox.com/s/5fxcgntfv9mtrv0/D1_TheHell1233.zip?dl=1</DL>
        <DL2>null</DL2>
        <md5>null</md5>
        <RunExeAfterInstall>null</RunExeAfterInstall>
        <RunExeAfterInstall2>null</RunExeAfterInstall2>
        <BeforeInstallMessage>NOTE: You must have Hellfire expansion pack installed to play this mod!</BeforeInstallMessage>
        <AfterInstallMessage>null</AfterInstallMessage>
        <DiabdatRequired>true</DiabdatRequired>
        <Executable>TheHell.exe</Executable>
    </Mod>
    <Mod>
        <ModId>2</ModId>
        <ModName>Purgatory</ModName>
        <Game>Hellfire</Game>
        <Description>Purgatory mod for Hellfire 1.01</Description>
        <Author>J.M. Hoefelein</Author>
        <ModVersion>0.40</ModVersion>
        <WebSite>N/A</WebSite>
        <DL>https://sergi4ua.pp.ua/equine/D1_Purgatory.zip</DL>
        <DL2>null</DL2>
        <md5>null</md5>
        <RunExeAfterInstall>null</RunExeAfterInstall>
        <RunExeAfterInstall2>null</RunExeAfterInstall2>
        <BeforeInstallMessage>NOTE: You must have Hellfire expansion pack installed and then install 1.01 patch to play this mod!</BeforeInstallMessage>
        <AfterInstallMessage>Please goto Game > DDraw Wrapper Setup to choose a compatible ddraw.dll wrapper for your system.</AfterInstallMessage>
        <DiabdatRequired>true</DiabdatRequired>
        <Executable>Purgatory.exe</Executable>
    </Mod>
    <Mod>
        <ModId>3</ModId>
        <ModName>The Dark</ModName>
        <Game>Hellfire</Game>
        <Description>The Dark mod for Hellfire 1.01</Description>
        <Author>Zamal and Zenda</Author>
        <ModVersion>5.4 Revision A</ModVersion>
        <WebSite>N/A</WebSite>
        <DL>https://sergi4ua.pp.ua/equine/HLFDRK54.zip</DL>
        <DL2>null</DL2>
        <md5>null</md5>
        <RunExeAfterInstall>null</RunExeAfterInstall>
        <RunExeAfterInstall2>null</RunExeAfterInstall2>
        <BeforeInstallMessage>NOTE: You must have Hellfire expansion pack installed to play this mod!</BeforeInstallMessage>
        <AfterInstallMessage>Please goto Game > DDraw Wrapper Setup to choose a compatible ddraw.dll wrapper for your system.</AfterInstallMessage>
        <DiabdatRequired>true</DiabdatRequired>
        <Executable>HLFDRK54.zip</Executable>
    </Mod>
</ModList>