{
    "ModInfo": [
      {
        "ModId": "0",
        "ModName": "Infernity",
        "Game": "Diablo",
        "Description": "A mod that aims to improve Diablo 1 gameplay.",
        "Author": "Qndel",
        "ModVersion": "1.21",
        "WebSite": "https://github.com/qndel/infernity",
        "DL": "https://github.com/qndel/Infernity/raw/master/Infernity.zip",
        "DL2": "null",
        "md5": "null",
        "RunExeAfterInstall": "null",
        "RunExeAfterInstall2": "null",
        "BeforeInstallMessage": "null",
        "AfterInstallMessage": "null",
        "DiabdatRequired": "true",
        "Executable": "Infernity.exe"
      },
      {
        "ModId": "1",
        "ModName": "The Hell",
        "Game": "Diablo",
        "Description": "The most hardest mod for Diablo. Adds a lot of new quests, items, rares, etc.",
        "Author": "Mordor and The Hell Team",
        "ModVersion": "1233",
        "WebSite": "http://www.diablothehell.narod.ru/",
        "DL": "https://www.dropbox.com/s/5fxcgntfv9mtrv0/D1_TheHell1233.zip?dl=1",
        "DL2": "null",
        "md5": "null",
        "RunExeAfterInstall": "null",
        "RunExeAfterInstall2": "null",
        "BeforeInstallMessage": "null",
        "AfterInstallMessage": "null",
        "DiabdatRequired": "true",
        "Executable": "TheHell.exe"
      },
      {
        "ModId": "2",
        "ModName": "Purgatory",
        "Game": "Hellfire",
        "Description": "Purgatory mod for Hellfire 1.01",
        "Author": "J.M. Hoefelein",
        "ModVersion": "0.40",
        "WebSite": "N/A",
        "DL": "https://sergi4ua.pp.ua/equine/D1_Purgatory.zip",
        "DL2": "null",
        "md5": "null",
        "RunExeAfterInstall": "null",
        "RunExeAfterInstall2": "null",
        "BeforeInstallMessage": "NOTE: You must have Hellfire expansion pack installed and then install 1.01 patch to play this mod!",
        "AfterInstallMessage": "Please goto Game > DDraw Wrapper Setup to choose a compatible ddraw.dll wrapper for your system.",
        "DiabdatRequired": "true",
        "Executable": "Purgatory.exe"
      },
      {
        "ModId": "3",
        "ModName": "The Dark",
        "Game": "Hellfire",
        "Description": "The Dark mod for Hellfire 1.01",
        "Author": "Zamal and Zenda",
        "ModVersion": "5.4 Revision A",
        "WebSite": "N/A",
        "DL": "https://sergi4ua.pp.ua/equine/HLFDRK54.zip",
        "DL2": "null",
        "md5": "null",
        "RunExeAfterInstall": "null",
        "RunExeAfterInstall2": "null",
        "BeforeInstallMessage": "NOTE: You must have Hellfire expansion pack installed to play this mod!",
        "AfterInstallMessage": "Please goto Game > DDraw Wrapper Setup to choose a compatible ddraw.dll wrapper for your system.",
        "DiabdatRequired": "true",
        "Executable": "HLFDRK54A.exe"
      },
      {
        "ModId": "4",
        "ModName": "Belzebub (HD Mod)",
        "Game": "Diablo",
        "Description": "Makes Diablo 1 HD and more Diablo II.",
        "Author": "Noktis and BrightLord",
        "ModVersion": "1.045",
        "WebSite": "https://mod.diablo.noktis.pl/",
        "DL": "https://sergi4ua.pp.ua/equine/DiabloBelzebub.zip",
        "DL2": "null",
        "md5": "null",
        "RunExeAfterInstall": "vcredist_x86.exe",
        "RunExeAfterInstall2": "null",
        "BeforeInstallMessage": "null",
        "AfterInstallMessage": "null",
        "DiabdatRequired": "true",
        "Executable": "Belzebub.exe"
      },
      {
        "ModId": "5",
        "ModName": "VandK Middle Earth Mod",
        "Game": "Diablo",
        "Description": "Mod based on Tolkien.",
        "Author": "Varaya and Khan",
        "ModVersion": "N/A",
        "WebSite": "N/A",
        "DL": "https://sergi4ua.pp.ua/equine/MiddleEarth.zip",
        "DL2": "null",
        "md5": "null",
        "RunExeAfterInstall": "null",
        "RunExeAfterInstall2": "null",
        "BeforeInstallMessage": "This mod requires 1.07 patch. If for some reason the mod doesn't work downgrade to 1.07 and reinstall the mod.",
        "AfterInstallMessage": "To avoid crashes, please use StrangeBytes' or DDrawCompat.",
        "DiabdatRequired": "true",
        "Executable": "VH.EXE"
      },
      {
        "ModId": "6",
        "ModName": "Sinwar",
        "Game": "Diablo",
        "Description": "N/A",
        "Author": "Civerb[HKW]",
        "ModVersion": "N/A",
        "WebSite": "N/A",
        "DL": "https://sergi4ua.pp.ua/equine/sinwar.zip",
        "DL2": "null",
        "md5": "null",
        "RunExeAfterInstall": "null",
        "RunExeAfterInstall2": "null",
        "BeforeInstallMessage": "This mod requires 1.07 patch. If for some reason the mod doesn't work downgrade to 1.07 and reinstall the mod.\\nRead sinwar.txt for more information.",
        "AfterInstallMessage": "To avoid crashes, please use StrangeBytes' or DDrawCompat.",
        "DiabdatRequired": "true",
        "Executable": "Sinwar.exe"
      },
      {
        "ModId": "7",
        "ModName": "Abysmal Mod",
        "Game": "Diablo",
        "Description": "N/A",
        "Author": "Tommi Helminen",
        "ModVersion": "N/A",
        "WebSite": "N/A",
        "DL": "https://sergi4ua.pp.ua/equine/Abysmal.zip",
        "DL2": "null",
        "md5": "null",
        "RunExeAfterInstall": "Abysmal_V2+.txt",
        "RunExeAfterInstall2": "null",
        "BeforeInstallMessage": "This mod requires 1.07 patch. If for some reason the mod doesn't work downgrade to 1.07 and reinstall the mod.\\nRead sinwar.txt for more information.",
        "AfterInstallMessage": "To avoid crashes, please use StrangeBytes' or DDrawCompat.",
        "DiabdatRequired": "false",
        "Executable": "abysmal.exe"
      },
      {
        "ModId": "8",
        "ModName": "Tchernobog (64 BIT ONLY)",
        "Game": "Diablo",
        "Description": "Multiplayer version of Belzebub.",
        "Author": "BrightLord",
        "ModVersion": "0.1.0",
        "WebSite": "https://mod.diablo.noktis.pl/",
        "DL": "https://sergi4ua.pp.ua/equine/Tchernobog_010.zip",
        "DL2": "null",
        "md5": "null",
        "RunExeAfterInstall": "vcredist_x86.exe",
        "RunExeAfterInstall2": "null",
        "BeforeInstallMessage": "null",
        "AfterInstallMessage": "null",
        "DiabdatRequired": "true",
        "Executable": "Tchernobog.exe"
      },
      {
        "ModId": "9",
        "ModName": "Crucible",
        "Game": "Diablo",
        "Description": "A gruelling, deadly struggle through Hell itself. The feel of the vanilla game with a whole new level of challenge.",
        "Author": "OverUsedChewToy",
        "ModVersion": "1.18",
        "WebSite": "https://discord.gg/VVmfWjG",
        "DL": "https://tinyurl.com/y8bhskat",
        "DL2": "null",
        "md5": "null",
        "RunExeAfterInstall": "null",
        "RunExeAfterInstall2": "null",
        "BeforeInstallMessage": "Please make sure your game is patched to v1.08 and NOT v1.09 as the mod may not work properly with the latter.",
        "AfterInstallMessage": "null",
        "DiabdatRequired": "false",
        "Executable": "Crucible.exe"
      },
      {
        "ModId": "10",
        "ModName": "The Awakening",
        "Game": "Diablo",
        "Description": "After Diablo was defeated, the Hero embedded the Soulstone of the Lord of Terror into his forehead, hoping he will be able to master the daemon. The body of prince Albrecht retrieved its natural look and was buried in vault near the Cathedral. As the time goes, the Hero stared to feel that he is loosing the fight with the overtaking demonic force, which started to gradually forcing an entrance into his soul. Through the possessed body of the Hero, Diablo, The Lord of Terror, went east throughout the mighty deserts of Aranoch, surrounding ancient city of Lut Gholein, to get to the found of hell at the end, his domain, where the frightening army starts to gather.",
        "Author": "Noktis",
        "ModVersion": "6.9",
        "WebSite": "https://diablo.noktis.pl/awake/",
        "DL": "https://www.dropbox.com/s/i19rc6acy4tkyxv/TheAwakening.zip?dl=1",
        "DL2": "null",
        "md5": "null",
        "RunExeAfterInstall": "null",
        "RunExeAfterInstall2": "null",
        "BeforeInstallMessage": "This mod required 1.09 patch. Please run 'TheAwakening_BattleNet.reg' if you want to play on The Awakening PvPGN. Enjoy and thanks for playing!",
        "AfterInstallMessage": "null",
        "DiabdatRequired": "true",
        "Executable": "AwakeEN.exe"
      },
      {
        "ModId": "11",
        "ModName": "DiabloPatch",
        "Game": "Diablo",
        "Description": "A 'must-have' patch for Diablo 1",
        "Author": "diablopat.ch",
        "ModVersion": "2.10",
        "WebSite": "https://diablopat.ch/",
        "DL": "https://sergi4ua.pp.ua/equine/DiabloPatch210.zip",
        "DL2": "null",
        "md5": "null",
        "RunExeAfterInstall": "vc_redist.x86.exe",
        "RunExeAfterInstall2": "null",
        "BeforeInstallMessage": "You must patch Diablo to 1.09. Use 'Game > Force Update' to do this!",
        "AfterInstallMessage": "null",
        "DiabdatRequired": "false",
        "Executable": "DiabloPatchLoader.exe"
      }
    ]
  }